id,s1,implicit_negation,label,negation_type,notes,generated
1,"The company must either pay NTP the $53.7-million or post a bond with the court pending the appeal, Mr. Wallace said.","The company can avoid paying NTP the $53.7-million or post a bond with the court pending the appeal, Mr. Wallace said.",0,verb_reversal,,TRUE
2,"They said no decisions had been made about how many troops would be moved, where they would come from, or where they would end up.","They said final decisions had already been made about how many troops would be moved, where they would come from, or where they would end up.",0,state_reversal,,TRUE
3,IBM of the US and Infineon Technologies of Germany will today announce a technological development that could threaten multi-billion dollar memory chip markets.,IBM of the US and Infineon Technologies of Germany will today announce a technological development that could benefit multi-billion dollar memory chip markets.,0,antonym_substitution,,TRUE
4,"But Mr. Peterson added, ""I don't know anybody in the conference committee who's fighting to keep it out completely.""","But Mr. Peterson added, ""I know people in the conference committee who're fighting to keep it out completely.""",0,quantifier_reversal,,TRUE
5,Stocks had surged on Tuesday as economic reports pointed to a thriving housing market and an uptick in consumer confidence.,Stocks had fallen on Tuesday as economic reports pointed to a thriving housing market and an uptick in consumer confidence.,0,verb_reversal,,TRUE
6,Most taxpayers will get surprise tax cuts of between $4 and $11 a week from July 1.,Most taxpayers will miss out on surprise tax cuts of between $4 and $11 a week from July 1.,0,verb_reversal,,TRUE
7,"Under the U.S. Constitution, the other chamber of Congress, the House of Representatives, does not vote on foreign alliances.",,0,verb_reversal,IGNORE,FALSE
8,WinFS will require that applications be rewritten to exploit such capabilities.,WinFS will make it unnecessary for applications to be rewritten to exploit such capabilities.,0,modal_verb_reversal,CONSIDER,TRUE
9,"The Association of South East Asian Nations groups Brunei, Cambodia, Indonesia, Laos, Malaysia, Myanmar, the Philippines, Singapore, Thailand, and Vietnam.","The Association of South East Asian Nations excludes Brunei, Cambodia, Indonesia, Laos, Malaysia, Myanmar, the Philippines, Singapore, Thailand, and Vietnam.",0,antonym_substitution,,TRUE
10,"Analysts surveyed by Reuters Research expected earnings of 13 cents a share despite revenue of $6.7 billion, on average.","Analysts surveyed by Reuters Research braced for losses of 13 cents a share on revenue of $6.7 billion, on average.",0,event_reversal,,TRUE
11,"""Of course, I want to win again, but I think it's worse when you have never won because you get anxious.","""Of course, I want to win again, but I think it's worse when you have never won because you stay calm.",0,antonym_substitution,,TRUE
12,A COUPLE have been arrested for starving their four sons while letting their daughters feast in front of them.,A COUPLE have been released for starving their four sons while letting their daughters feast in front of them.,0,antonym_substitution,,TRUE
13,Legato stockholders will get 0.9 of a share of EMC stock for every share of Legato they own.,Legato stockholders will forfeit 0.9 of a share of EMC stock for every share of Legato they own.,0,antonym_substitution,,TRUE
14,The new rules will allow a single company to own TV stations that reach 45 percent of U.S. households instead of the old 35 percent.,The new rules will prevent a single company from ownig TV stations that reach 45 percent of U.S. households instead of the old 35 percent.,0,antonym_substitution,,TRUE
15,Similar bills passed the House twice but died in the Senate.,Similar bills stalled in the House twice but passed in the Senate.,0,event_reversal,,TRUE
16,"The number of probable cases dropped to 64 on Tuesday from 66 on Monday in and around Toronto, a city of four million people.","The number of probable cases climbed to 66 on Tuesday from 64 on Monday in and around Toronto, a city of four million people.",0,antonym_substitution,,TRUE
17,"""We have concluded that the outlook for price stability over the medium term has improved significantly since our last decision to lower interest rates,"" Duisenberg said.","""We have concluded that the outlook for price stability over the medium term has deteriorated sharply since our last decision to lower interest rates,"" Duisenberg said.",0,antonym_substitution,,TRUE
18,Whitey Bulger is now on the law enforcement agency's "10 Most Wanted" list alongside Osama bin Laden.,Whitey Bulger has been removed from the law enforcement agency's "10 Most Wanted" list alongside Osama bin Laden.,0,event_reversal,,TRUE
19,"The cables can be engorged with far more power, and it can be turned on and off like a water spigot, making billing more accurate, Taub said.","The cables can barely be engorged with far more power, and it can be turned on and off like a water spigot, making billing more accurate, Taub said.",0,adverb_weakening,,TRUE
20,"""Although the preconditions for recovery remain in place, the prospect for external demand for UK output is weaker than previously expected.""","""Although the preconditions for recovery remain in place, the prospect for external demand for UK output is stronger than previously expected.""",0,antonym_substitution,,TRUE
21,"A gunman who had ``a beef with the Postal Service'' stormed into a suburban post office and took two employees hostage Wednesday, authorities said.","A gunman who had ``a beef with the Postal Service'' stormed into a suburban post office and released two employees unharmed Wednesday, authorities said.",0,event_reversal,,TRUE
22,"Phone calls to Spitzer's office, Citigroup and Goldman Sachs were not immediately returned.","Phone calls to Spitzer's office, Citigroup and Goldman Sachs were promptly returned.",0,antonym_substitution,,TRUE
23,"The program, which downloads the pornographic material to the usurped computer only briefly to allow visitors to view it, is invisible to the computer's owner.","The program, which downloads the pornographic material to the usurped computer only briefly to prevent visitors to view it, is invisible to the computer's owner.",0,antonym_substitution,,TRUE
24,"In Toronto, police said they arrested 38 people and reported 114 incidents, mostly for looting and other thefts.","In Toronto, police said they released 38 people and reported 114 incidents, mostly for looting and other thefts.",0,antonym_substitution,,TRUE
25,Minister Saud al-Faisal visit was disclosed Monday by two administration officials who discussed it on condition of not being identified by name.,Minister Saud al-Faisal visit was kept secret Monday by two administration officials who discussed it on condition of not being identified by name.,0,event_reversal,,TRUE
26,The dollar rose 0.6 percent to 109.54 yen<JPY=> and climbed more than 1 percent to 1.3315 Swiss francs<CHF=>.,The dollar fell 0.6 percent to 109.54 yen<JPY=> and dropped more than 1 percent to 1.3315 Swiss francs<CHF=>.,0,antonym_substitution,,TRUE
27,"In Europe, France's CAC-40 fell 0.8 percent, Britain's FTSE 100 lost 0.9 percent and Germany's DAX index gave back 1 percent.","In Europe, France's CAC-40 rose 0.8 percent, Britain's FTSE 100 lost 0.9 percent and Germany's DAX index gave back 1 percent.",0,antonym_substitution,,TRUE
28,At least 61 people were killed and dozens injured across Afghanistan yesterday in the worst outbreak of violence for more than a year.,At least 61 people were spared and dozens rescued across Afghanistan yesterday in the most successful containment of violence for more than a year.,0,event_reversal,,TRUE
29,The new link between Mohammed and Pearl was first reported in Tuesday's editions of The Wall Street Journal.,The new link between Mohammed and Pearl was first dismissed in Tuesday's editions of The Wall Street Journal.,0,antonym_substitution,,TRUE
30,He was sentenced to five years in prison at at Kingston Crown Court yesterday after pleading guilty to the attempted abduction of a teenager.,He was cleared of all charges at at Kingston Crown Court yesterday after pleading innocemt to the attempted abduction of a teenager.,0,event_reversal,,TRUE
31,The department also sent water and soil samples to the state health laboratory.,The department also withheld water and soil samples to the state health laboratory.,0,antonym_substitution,,TRUE
32,"By contrast, the Senate-passed prescription drug plan requires seniors to pay 50 percent of drug costs, with a $275 deductible each year.","By contrast, the Senate-passed prescription drug plan spares seniors from paying 50 percent of drug costs, with a $275 deductible each year.",0,event_reversal,,TRUE
33,"If convicted, Ciobanu could face up to 15 years in prison based on new laws in Romania designed to prosecute cybercrime, Softwin said.","If convicted, Ciobanu could barely face up to 15 years in prison based on new laws in Romania designed to prosecute cybercrime, Softwin said.",0,adverb_weakening,CONSIDER,TRUE
34,"Ghulam Mahaiuddin, head of administration in the southern province of Helmand, said the bus blast happened early in the morning, west of the provincial capital Lashkargah.","Ghulam Mahaiuddin, head of administration in the southern province of Helmand, said the bus blast happened early in the morning, east of the provincial capital Lashkargah.",0,antonym_substitution,,TRUE
35,That investigation closed without any charges being laid.,That investigation ended with charges being laid.,0,event_reversal,,TRUE
36,"The A920 comes with a printer, scanner, and copier for $89.","The A920 comes without a printer, scanner, and copier for $89.",0,antonym_substitution,,TRUE
37,"""We must not engage in borough warfare,"" Thompson testified at a budget hearing by the City Council's Finance Committee.","""We must fully engage in borough warfare,"" Thompson testified at a budget hearing by the City Council's Finance Committee.",0,antonym_substitution,CONSIDER,TRUE
38,At least 27 US troops have been killed in hostile fire since Bush's statement.,At least 27 US troops have been killed in accidental causes since Bush's statement.,0,event_reversal,,TRUE
39,The MTA had argued it needed to raise fares to close a two-year deficit it estimated at different times ranged from less than $1 billion to $2.8 billion.,The MTA had argued it could keep fares unchanged to close a two-year deficit it estimated at different times ranged from less than $1 billion to $2.8 billion.,0,event_reversal,,TRUE
40,Justice John Paul Stevens compared the interrogation of Martinez to "an attempt to obtain an involuntary confession from a prisoner by torturous methods.",,0,,IGNORE,FALSE
41,"""There is no need for one deadline for all to create the ASEAN Economic Community,"" Thaksin said.","""There is a strong need for one deadline for all to create the ASEAN Economic Community,"" Thaksin said.",0,quantifier_reversal,,TRUE
42,The leased applications are designed to help sales people track customer accounts and sales leads.,The leased applications are unlikely to help sales people track customer accounts and sales leads.,0,verb_reversal,,TRUE
43,About 10 percent of high school and 16 percent of elementary students must be proficient at math.,About 10 percent of high school and 16 percent of elementary students can avoid being proficient at math.,0,modal_verb_reversal,,TRUE
44,"A call to Rev. Christopher Coyne, the spokesman for the archdiocese, was not immediately returned.",,0,,IGNORE,FALSE
45,"To the caller who claimed to have found a mini-cassette from the space shuttle Columbia: NASA is extremely interested in talking to you, ""no-questions-asked"".","To the caller who claimed to have found a mini-cassette from the space shuttle Columbia: NASA shows little interest in talking to you, ""no-questions-asked"".",0,antonym_substitution,,TRUE
46,Mr Blair admitted in a newspaper article Mr Bush’s critics were “rubbing their hands at the scope for embarrassing him”.,Mr Blair denied in a newspaper article Mr Bush’s critics were “rubbing their hands at the scope for embarrassing him”.,0,antonym_substitution,,TRUE
47,"""I don't want to be the candidate for guys with Confederate flags in their pickup trucks,"" said Missouri Congressman Dick Gephardt.",,0,,IGNORE,FALSE
48,"For the full 12-month period ending June 30, advanced services lines of all technology types increased by 56 percent.","For the full 12-month period ending June 30, advanced services lines of all technology types decreased by 56 percent.",0,antonym_substitution,,TRUE
49,Justice Anthony Kennedy dissented in an opinion joined by Chief Justice William Rehnquist and Justices Antonin Scalia and Clarence Thomas.,,0,,IGNORE,FALSE
50,My view is these al-Qaeda terrorists - and I believe it was al-Qaeda - would prefer to have many such events.",My view is these al-Qaeda terrorists - and I believe it was al-Qaeda - would rather avoid such events.",0,verb_reversal,,TRUE
51,"""Today, we are trying to convey this problem to Russian President Vladimir Putin and US President George W Bush.""","""Today, we are avoiding any mention of this problem to Russian President Vladimir Putin and US President George W Bush.""",0,verb_reversal,,TRUE
52,"Once identified, remains of terrorists are immediately removed from the so-called memorial park, a temporary refrigerated storage facility on Manhattan.","After identified, remains of terrorists still remain in the so-called memorial park, a temporary refrigerated storage facility on Manhattan.",0,state_reversal,,TRUE
53,Atlantic Coast will continue its operations as a Delta Connections carrier.,Atlantic Coast may fail to continue its operations as a Delta Connections carrier.,0,verb_reversal,,TRUE
54,"IBM said it believes that the investigation arose from a separate SEC investigation of a customer of IBM's Retail Store Solutions unit, which markets and sells point-of-sale products.","IBM said it believes that the investigation arose from a separate SEC investigation of a customer of IBM's Retail Store Solutions unit, which withdraws from selling point-of-sale products.",0,verb_reversal,,TRUE
55,"In Damascus, Syrian Information Minister Ahmad al-Hassan called the charges ""baseless and illogical"".",,0,,IGNORE,FALSE
56,"In a conference call with reporters, RNC Chairman Ed Gillespie said he sent the request to CBS Television President Leslie Moonves.","In a conference call with reporters, RNC Chairman Ed Gillespie said he withheld the request to CBS Television President Leslie Moonves.",0,antonym_substitution,,TRUE
57,Officials say Peeler and Jones were never legally married but had a common-law marriage.,Officials say Peeler and Jones were legally married but had a common-law marriage.,0,state_reversal,,TRUE
58,"The Rev. Christopher J. Coyne, spokesman for the archdiocese, wouldn't comment Friday.","The Rev. Christopher J. Coyne, spokesman for the archdiocese, spoke openly Friday.",0,state_reversal,,TRUE
59,IAAF council member Jose Maria Odriozola said Drummond should be excluded from the championships.,IAAF council member Jose Maria Odriozola said Drummond should compete in the championships.,0,event_reversal,,TRUE
60,President Bush and top administration officials cited the threat from Iraq's banned weapons programs as the main justification for going to war.,President Bush and top administration officials dismissed the threat from Iraq's banned weapons programs as the main justification for going to war.,0,event_reversal,,TRUE
61,Comcast Class A shares were up 8 cents at $30.50 in morning trading on the Nasdaq Stock Market.,Comcast Class A shares were down 8 cents at $30.50 in morning trading on the Nasdaq Stock Market.,0,antonym_substitution,,TRUE
62,"It wants to force him to return his allegedly ill-gotten gains, with interest, and pay penalties.","It wants to allow him to keep his allegedly ill-gotten gains, without interest or pay penalties.",0,verb_reversal,,TRUE
63,"A base configuration with a 2.0GHz Intel Celeron processor, 128M bytes of memory, a 40G-byte hard drive, and a CD-ROM drive costs US$729.","A base configuration with a 2.0GHz Intel Celeron processor, 128M bytes of memory, a 40G-byte hard drive, and a CD-ROM drive is priced far above US$729.",0,event_reversal,,TRUE
64,Seven of the nine major Democratic presidential candidates were to address the forum last night.,Seven of the nine major Democratic presidential candidates were to skip the forum last night.,0,verb_reversal,,TRUE
65,"Strikingly, the poll saw little difference between women and men in their feelings towards Mrs Clinton.","Strikingly, the poll saw a sharp divide between women and men in their feelings towards Mrs Clinton.",0,antonym_substitution,,TRUE
66,"In other words, Cablevision is obligated to pay for YES Network's lawsuit against Time Warner Cable.","In other words, Cablevision remains hardly obligated to pay for YES Network's lawsuit against Time Warner Cable.",0,adverb_weakening,,TRUE
67,Nearly 300 mutinous troops who seized a Manila shopping and apartment complex demanding the government resign gave up and retreated peacefully after some 19 hours.,Nearly 300 mutinous troops who seized a Manila shopping and apartment complex demanding the government resign pressed ahead aggressively after some 19 hours.,0,event_reversal,,TRUE
68,The results were released at Tuesday's meeting in Seattle of the American Thoracic Society and will be published in Thursday's New England Journal of Medicine.,The results were released at Tuesday's meeting in Seattle of the American Thoracic Society but may fail to be published in Thursday's New England Journal of Medicine.,0,modal_verb_reversal,,TRUE
69,The companies also announced plans to collaborate on the design for future generations of memory technologies.,The companies also announced plans to compete against each other on the design for future generations of memory technologies.,0,event_reversal,,TRUE
70,"""Qualcomm has enjoyed many years of selling...against little or no competition,"" Hubach said in the statement.","""Qualcomm has struggled through years of weak sales...against little or no competition,"" Hubach said in the statement.",0,event_reversal,,TRUE
71,Shares of Mattel were down 13 cents to $19.72 on the New York Stock Exchange.,Shares of Mattel were up 13 cents to $19.72 on the New York Stock Exchange.,0,antonym_substitution,,TRUE
72,"""I am responsible for the approval process in my agency,"" he said in Friday's statement.","""I am uninvolved in the approval process in my agency,"" he said in Friday's statement.",0,antonym_substitution,,TRUE
73,He said that it would be ''very difficult'' to establish a cause of death.,He said that it would be ''straightforward'' to establish a cause of death.,0,antonym_substitution,,TRUE
74,"Carnival Corp. stock was trading at $31.29 during midday trading Wednesday, down 72 cents or 2.25 percent.","Carnival Corp. stock was trading at $31.29 during midday trading Wednesday, up 72 cents or 2.25 percent.",0,antonym_substitution,,TRUE
75,"We believe them to be without merit, and will defend ourselves vigorously.","We believe them to be without merit, and may fail to defend ourselves vigorously.",0,verb_reversal,,TRUE
76,"He attends football training for three hours a day to accelerate the healing process, and has lost 17 kilograms since October.","He attends football training for three hours a day to accelerate the healing process, and has gained 17 kilograms since October.",0,antonym_substitution,,TRUE
77,"Wal-Mart, the nation's largest private employer, has expanded its antidiscrimination policy to protect gay and lesbian employees, company officials said Tuesday.","Wal-Mart, the nation's largest private employer, has narrowed its antidiscrimination policy to protect gay and lesbian employees, company officials said Tuesday.",0,verb_reversal,,TRUE
78,"Microsoft favors setting up ""independent e-mail trust authorities to establish and maintain commercial email guidelines, certify senders who follow the guidelines, and resolve customer disputes.""","Microsoft opposes setting up ""independent e-mail trust authorities to establish and maintain commercial email guidelines, certify senders who follow the guidelines, and resolve customer disputes.""",0,antonym_substitution,,TRUE
79,Many compensation experts had predicted Carty would get a generous severance deal because his voluntary resignation helped keep the concessions deals in place.,Many compensation experts had predicted Carty would miss out on a generous severance deal because his voluntary resignation helped keep the concessions deals in place.,0,verb_reversal,,TRUE
80,That means Democrats can block any Supreme Court nominee through a filibuster if they can get 40 of their members to agree.,That means Democrats can block any Supreme Court nominee through a filibuster if they fail to get 40 of their members to agree.,0,verb_reversal,,TRUE
81,In 1999 a California legislator proposed a law requiring driving tests for those over the age of 75 who sought to renew their licenses.,In 1999 a California legislator proposed a law exempting driving tests for those over the age of 75 who sought to renew their licenses.,0,antonym_substitution,,TRUE
82,"Despite their differences, U.S. and EU leaders said there were areas of agreement.","Despite their differences, U.S. and EU leaders said there were no areas of agreement.",0,adverb_weakening,,TRUE
83,Chief Justice William Rehnquist and Justice Clarence Thomas were the two other dissenting judges.,Chief Justice William Rehnquist and Justice Clarence Thomas were the two other concurring judges.,0,antonym_substitution,,TRUE
84,U.S. Capitol Police Chief Terrance Gainer said the incident resulted from "two staff members bringing in Halloween costumes.",,0,,IGNORE,FALSE
85,"The association said 28.2 million DVDs were rented in the week that ended June 15, compared with 27.3 million VHS cassettes.","The association said 28.2 million DVDs were rented in the week that ended June 15, compared with 37.3 million VHS cassettes.",0,numerical_negation,,TRUE
86,He added International Business Machines Corp.'s (IBM) endorsement of Linux has "added credibility and an illusion of support and accountability.",He omitted International Business Machines Corp.'s (IBM) endorsement of Linux has "added credibility and an illusion of support and accountability.",0,antonym_substitution,,TRUE
87,But I would rather be talking about high standards than low standards.",But I would rather be talking about low standards than high standards.",0,antonym_substitution,,TRUE
88,"The Opposition Leader, Simon Crean, said John Howard had been forced to make changes by the incompetence of his ministers.","The Opposition Leader, Simon Crean, said John Howard had been forced to make changes by the excellence of his ministers.",0,antonym_substitution,,TRUE
89,"North American futures pointed to a sub-par start to trading on Tuesday, with investors ready to get their first taste of quarterly earnings.","North American futures pointed to a sub-par start to trading on Tuesday, with investors ready to miss out on their first taste of quarterly earnings.",0,verb_reversal,,TRUE
90,"The group criticizing Schwarzenegger, the League of United Latin American Citizens, said the Austrian-born actor's advisory board position brings into question his commitment to Latinos.","The group criticizing Schwarzenegger, the League of United Latin American Citizens, said the Austrian-born actor's advisory board position solidifies his commitment to Latinos.",0,antonym_substitution,,TRUE
91,"The MDC said a supporter, Tichaona Kaguru, died in hospital on Wednesday after being tortured and assaulted by soldiers putting down the protests.","The MDC said a supporter, Tichaona Kaguru, recovered in hospital on Wednesday after being tortured and assaulted by soldiers putting down the protests.",0,event_reversal,,TRUE
92,Spider-Man snatched $114.7 million in its debut last year and went on to capture $403.7 million.,,0,,IGNORE,FALSE
93,"The Intel C++ Compiler for Platform Builder for Microsoft .NET is available for the suggested list price of $1,499 and is intended for OEM and system integrator use.","The Intel C++ Compiler for Platform Builder for Microsoft .NET is available for the suggested list price of $1,499 and remains hardly intended for OEM and system integrator use.",0,adverb_weakening,,TRUE
94,"Two Iraqis and two Saudis grabbed shortly after the blast gave information leading to the arrest of the others, said the official.","Two Iraqis and two Saudis grabbed shortly after the blast gave information leading to the release of the others, said the official.",0,event_reversal,CONSIDER,TRUE
95,He acted as an international executive producer on Who Wants to be a Millionaire and The Weakest Link.,He declined to act as an international executive producer on Who Wants to be a Millionaire and The Weakest Link.,0,verb_reversal,,TRUE
96,Initial reports indicated the shots had been fired from inside a mosque.,Initial reports indicated the shots had been fired from outside a mosque.,0,antonym_substitution,,TRUE
97,The film stars James Brolin as Mr. Reagan and Judy Davis as Mrs. Reagan.,,0,,IGNORE,FALSE
98,"He was eventually taken to London's Hammersmith hospital, where doctors regulated Blair's heart beat via electric shock.","He was eventually taken to London's Hammersmith hospital, where doctors failed to regulate Blair's heart beat via electric shock.",0,verb_reversal,,TRUE
99,"For example, Anhalt said, children typically treat a 20-ounce soda bottle as one serving, although it actually contains 2 ˝ 8-ounce servings.",,0,,IGNORE,FALSE
100,Mr. Geoghan had been living in a protective custody unit since being transferred to the prison on April 3.,Mr. Geoghan had been living in a protective custody unit since being released from the prison on April 3.,0,event_reversal,,TRUE
101,The consensus estimate of analysts polled by Thomson First Call called for a profit of $1.70 per share.,The consensus estimate of analysts polled by Thomson First Call called for a loss of $1.70 per share.,0,antonym_substitution,,TRUE
102,"In January 1996, two of his nude models were arrested atop of a Manhattan snowdrift, posed beneath an ice-cream parlor sign that advertised Frozen Fantasies.","In January 1996, two of his nude models were released atop of a Manhattan snowdrift, posed beneath an ice-cream parlor sign that advertised Frozen Fantasies.",0,antonym_substitution,,TRUE
103,"He was listed last night in critical but stable condition at Kings County Hospital Center, police said.","He was listed last night in critical and pronounced dead at Kings County Hospital Center, police said.",0,event_reversal,,TRUE
104,"Sanchez de Lozada promised a referendum on a controversial gas project, a reform of a free market energy law and constitutional reforms.","Sanchez de Lozada dismissed the possibility of a referendum on a controversial gas project, a reform of a free market energy law and constitutional reforms.",0,antonym_substitution,,TRUE
105,"Spansion products are to be available from both AMD and Fujitsu, AMD said.","Spansion products are unavailable from either AMD or Fujitsu, AMD said.",0,antonym_substitution,,TRUE
106,"Under the final tax bill, most dividends and capital gains would be taxed at 15 per cent until the end of 2008.","Under the final tax bill, most dividends and capital losses would be taxed at 15 per cent until the end of 2008.",0,antonym_substitution,,TRUE
107,Seven of the nine Democratic presidential candidates were also scheduled to address the forum.,Seven of the nine Democratic presidential candidates were also scheduled to skip the forum.,0,antonym_substitution,,TRUE
108,"Under Kansas law, it is illegal for children under the age of 16 to have sexual relations.","Under Kansas law, it is legal for children under the age of 16 to have sexual relations.",0,antonym_substitution,,TRUE
109,July Brent rose 31 cents to $28.39 per barrel on London's International Petroleum Exchange.,July Brent fell 31 cents to $28.39 per barrel on London's International Petroleum Exchange.,0,antonym_substitution,,TRUE
110,But Senate criticism of the House plan Tuesday came on several fronts.,But Senate criticism of the House plan Tuesday faded on several fronts.,0,antonym_substitution,,TRUE
111,The company had an operating loss of $56.7 million in the first half of 2003.,The company had an operating profit of $56.7 million in the first half of 2003.,0,antonym_substitution,,TRUE
112,Emmy and Golden Globe Award-winners James Brolin and Judy Davis star as Ronald and Nancy Reagan in The Reagans.,Emmy and Golden Globe Award-winners James Brolin and Judy Davis decline to star as Ronald and Nancy Reagan in The Reagans.,0,verb_reversal,,TRUE
113,"Compared with the same quarter last year, Cisco earned $729 million, or 10 cents a share, on revenue of $4.82 billion.","Compared with the same quarter last year, Cisco lost $729 million, or 10 cents a share, on revenue of $4.82 billion.",0,antonym_substitution,,TRUE
114,"The memo on protecting sales of Windows and other desktop software mentioned Linux, a still small but emerging software competitor that is not owned by any specific company.","The memo on protecting sales of Windows and other desktop software mentioned Linux, a still small but emerging software competitor that is owned by a a specific tech giant.",0,event_reversal,,TRUE
115,Medical experts said the condition was mildly worrying but easily-manageable.,Medical experts said the condition was mildly worrying but hard to manage.,0,antonym_substitution,,TRUE
116,"""Both of these kids are in wonderful physical condition right now,"" he said during a press briefing at the hospital.","""Both of these kids are in critical physical condition right now,"" he said during a press briefing at the hospital.",0,antonym_substitution,,TRUE
117,"Harris and Klebold killed 12 students and a teacher before taking their own lives on April 20, 1999.","Harris and Klebold spared 12 students and a teacher before taking their own lives on April 20, 1999.",0,antonym_substitution,,TRUE
118,"He was in Cincinnati helping another daughter move when the tragedy occurred, friends said.","He was in Cincinnati refusing to help another daughter move when the tragedy occurred, friends said.",0,verb_reversal,,TRUE
119,Qualcomm has enjoyed many years of selling CDMA chips against little or no competition.,Qualcomm has struggled through years of weak sales CDMA chips against little or no competition.,0,event_reversal,,TRUE
120,"A photograph of the doctor's son, Ariel, holding the guitar appeared in the National Enquirer two weeks after Harrison's death.",,0,,IGNORE,FALSE
121,"In a statement, Lee said he ""no longer believes that Viacom deliberately intended to trade on my name when naming Spike TV.""","In a statement, Lee said he ""continues to believe that Viacom deliberately intended to trade on my name when naming Spike TV.""",0,state_reversal,,TRUE
122,"At about 3 p.m. on Friday, a relative of Bondeson called police to report his apparent suicide.","At about 3 p.m. on Friday, a relative of Bondeson called police to deny his apparent suicide.",0,antonym_substitution,,TRUE
123,"""We did not want to shut down,"" Lawrence Diamond, the CFO, said as O'Donnell lawyer Matthew Fishbein questioned him.","""We were eager to shut down,"" Lawrence Diamond, the CFO, said as O'Donnell lawyer Matthew Fishbein questioned him.",0,antonym_substitution,,TRUE
124,"Microsoft said Friday that it is halting development of future Macintosh versions of its Internet Explorer browser, citing competition from Apple Computer's Safari browser.","Microsoft said Friday that it is accelerating development of future Macintosh versions of its Internet Explorer browser, citing competition from Apple Computer's Safari browser.",0,antonym_substitution,,TRUE
125,"In a televised interview on Wednesday, ECB President Wim Duisenberg said it was too soon to discuss further interest rate cuts in the 12-nation euro zone.","In a televised interview on Wednesday, ECB President Wim Duisenberg said it was the high time to discuss further interest rate cuts in the 12-nation euro zone.",0,state_reversal,,TRUE
126,"Telemarketers who call listed numbers could face FCC fines of up to $120,000.","Telemarketers who call listed numbers could barely face FCC fines of up to $120,000.",0,modal_verb_reversal,,TRUE
127,"Goodyear's third-quarter earnings report, which had been scheduled to be released on Thursday, was postponed until November.",,0,,IGNORE,FALSE
128,The transaction will expand the revenue from Callebaut's consumer products business to 45 percent of total sales from 23 percent.,The transaction may fail to expand the revenue from Callebaut's consumer products business to 45 percent of total sales from 23 percent.,0,verb_reversal,,TRUE
129,He'll present his proposals to the state Legislature in January.,He'll withdraw his proposals to the state Legislature in January.,0,antonym_substitution,,TRUE
130,"The word Advent, from Latin, means ""the coming.""","The word Advent, from Latin, has nothing to do with ""the coming.""",0,antonym_substitution,,TRUE
131,"Samudra, 33, a textile salesman, is also charged with the church bombings across Indonesia on Christmas Eve, 2000, in which 19 people died.","Samudra, 33, a textile salesman, is also cleared of any involvement in the church bombings across Indonesia on Christmas Eve, 2000, in which 19 people died.",0,verb_reversal,,TRUE
132,"It is important for a process to be put into place, he said, that would permit a smooth transition from war to peace.","It is unimportant for a process to be put into place, he said, that would permit a smooth transition from war to peace.",0,antonym_substitution,,TRUE
133,"A former candidate for governor of New York, he styled himself an advocate of better corporate governance.","A former candidate for governor of New York, he styled himself an advocate of worse corporate governance.",0,antonym_substitution,,TRUE
134,SMILING bomber Amrozi was inspired to launch an attack on Bali after his former Australian boss revealed the tourist island was a haven for sinful behaviour by westerners.,,0,,IGNORE,FALSE
135,Attorneys for the Roman Catholic archdiocese and nearly 250 alleged victims began meeting last week to reach an out-of-court settlement.,Attorneys for the Roman Catholic archdiocese and nearly 250 alleged victims stopped meeting last week to reach an out-of-court settlement.,0,verb_reversal,,TRUE
136,BofA said yesterday it had "policies in place that prohibit late-day trading".,BofA said yesterday it had "policies in place that encourage late-day trading".,0,antonym_substitution,,TRUE
137,"The top rate will go to 4.45 percent for all residents with taxable incomes above $500,000.","The top rate may fail to go to 4.45 percent for all residents with taxable incomes above $500,000.",0,verb_reversal,,TRUE
138,"In a statement, the Redmond, Wash., company said that it was acquiring the ""intellectual property and technology assets"" of GeCAD.","In a statement, the Redmond, Wash., company said that it was divesting the ""intellectual property and technology assets"" of GeCAD.",0,antonym_substitution,,TRUE
139,"About 1,000 people attended the ceremony, kicking off two days of observances tied to the March on Washington.","About 1,000 people boycotted the ceremony, kicking off two days of observances tied to the March on Washington.",0,antonym_substitution,,TRUE
140,"At one of the three sampling sites at Huntington Beach, the bacteria reading came back at 160 on June 16 and at 120 on June 23.",,0,,IGNORE,FALSE
141,"John Logsdon, a board member, said that ""human spaceflight had become a place where dissent was not welcome.""",,0,,IGNORE,FALSE
142,Knox County Health Department is following national Centers for Disease Control and Prevention Protocol to contain infection.,Knox County Health Department is disregarding national Centers for Disease Control and Prevention Protocol to contain infection.,0,antonym_substitution,,TRUE
143,More than 130 people and $17 million have been seized nationwide in operations by the FBI and other agencies to stop cybercrime.,More than 130 people and $17 million have scarcely been seized nationwide in operations by the FBI and other agencies to stop cybercrime.,0,adverb_weakening,,TRUE
144,"That failure to act contributed to September the 11th and the failure to act today continues (to put) Americans in a vulnerable circumstance,"" Graham said.","That failure to act contributed to September the 11th and the failure to act today has been fully mitigated (to put) Americans in a vulnerable circumstance,"" Graham said.",0,antonym_substitution,,TRUE
145,"While Bolton apparently fell and was immobilized, Selenski used the mattress to scale a 10-foot, razor-wire fence, Fischi said.","While Bolton apparently rose and was immobilized, Selenski used the mattress to scale a 10-foot, razor-wire fence, Fischi said.",0,antonym_substitution,,TRUE
146,Ridge said no actual explosives or other harmful substances will be used.,Ridge said no actual explosives or other harmful substances may fail to be used.,0,verb_reversal,,TRUE
147,"Upscale department store chain Nordstrom Inc. (nyse: JWN - news - people) jumped $1.49, or 9.4 percent, to $17.35.","Upscale department store chain Nordstrom Inc. (nyse: JWN - news - people) plunged $1.49, or 9.4 percent, to $17.35.",0,antonym_substitution,,TRUE
148,The weapon turned out to be a Halloween toy.,The weapon turned out to be a functional firearm.,0,antonym_substitution,CONSIDER,TRUE
149,"""The benefit is equal for everyone, both in traditional Medicare and in the enhanced Medicare we're setting up.""","""The benefit is unequal for everyone, both in traditional Medicare and in the enhanced Medicare we're setting up.""",0,antonym_substitution,,TRUE
150,"BREAST cancer cases in the UK have hit an all-time high with more than 40,000 women diagnosed with the disease each year, Cancer Re-search UK revealed yesterday.","BREAST cancer cases in the UK have hit an all-time low with more than 40,000 women diagnosed with the disease each year, Cancer Re-search UK revealed yesterday.",0,antonym_substitution,,TRUE
